Store ID,Store_Area,Items_Available,Daily_Customer_Count,Store_Sales
14,2103,2967,472,103111
40,4044,1529,406,58691
31,2867,2518,592,94118
46,3848,2774,676,108464
18,1923,1922,597,63310
49,3738,1415,648,92106
27,2804,2756,207,61994
26,2017,1879,680,111861
33,4811,1477,463,63427
20,3328,2353,634,71214
13,2953,2335,500,86149
5,1653,2125,543,106117
38,4508,2750,684,36251
